# no_centre,attribut_0,attribut_1
0,187.974178404,198.453051643
1,309.621118012,105.844720497
2,343.314516129,47.2137096774
3,60.8643678161,273.954022989
4,326.418079096,72.3728813559
5,281.195767196,264.793650794
6,269.005524862,154.508287293
7,113.010169492,245.240677966
8,216.219298246,129.631578947
9,436.76835443,93.4291139241
10,357.901098901,67.8901098901
11,242.130177515,186.171597633
12,415.710900474,103.221800948
13,476.491094148,178.170483461
14,384.360515021,232.412017167
