# no_centre,attribut_0,attribut_1
0,-0.0022113247303,0.0147806878171
1,2.03837071803,2.02383272545
2,-2.02376818207,-2.02088440409
