# no_centre,attribut_0,attribut_1
0,314.571428571,286.428571429
1,311.5,286.0
