# no_centre,attribut_0,attribut_1
0,446.701030928,227.773195876
1,422.886010363,57.8860103627
2,342.0,210.738878143
3,64.7985074627,153.123134328
4,390.220779221,135.404761905
5,140.787878788,271.781818182
6,261.664459161,86.1412803532
