# no_centre,attribut_0,attribut_1
0,2.02320673516,2.01433137755
1,-0.00291432325904,-0.00218839165414
2,-2.03691773454,-2.02179281205
